{"cameraMode":{"drawMode":0,"name":"Shaded","section":"Shading Mode"},"sceneLighting":true,"audioPlay":false,"sceneViewState":{"showFog":true,"showMaterialUpdate":true,"showSkybox":true,"showFlares":true,"showImageEffects":true,"showParticleSystems":true,"showVisualEffectGraphs":true,"m_FxEnabled":true},"in2DMode":false,"pivot":{"x":-0.28949442505836489,"y":1.8165569305419922,"z":3.0899672508239748},"rotation":{"x":0.0002523424045648426,"y":-0.5794106721878052,"z":0.0001793668925529346,"w":0.8150365352630615},"size":4.8049821853637699,"orthographic":false}